total_duration,duration_postive,duration_neutral,duration_negative,percentage_positive,percentage_neutral,percentage_negative,agenda_item_title,main_speaker
183.92,10.96,172.95999999999998,0,0.05959112657677252,0.9404088734232274,0.0,Impfpflicht gegen SARS-CoV-2,Martin Sichert
216.35999999999999,13.279999999999976,203.08,0,0.06137918284340903,0.938620817156591,0.0,Akademische und berufliche Bildung,Nicole Höchst
256.64,5.679999999999978,194.78,56.18000000000002,0.022132169576059766,0.758961970074813,0.21890586034912726,Durchsetzung des Asyl- und Aufenthaltsrechts,Gottfried Curio
68.32,9.240000000000002,48.699999999999996,10.379999999999999,0.1352459016393443,0.7128220140515222,0.1519320843091335,Einsatz deutscher Steuergelder im EU-Budget,Metin Hakverdi
320.36,0,306.72,13.639999999999976,0.0,0.9574228992383569,0.042577100761643075,Kriminalität in Bahnhöfen und Zügen,Martin Hess
237.95999999999998,6.279999999999973,203.17999999999998,28.500000000000025,0.026390990082366672,0.8538409816775928,0.11976802824004046,Clankriminalität,Lamya Kaddor
299.16,8.480000000000075,268.35999999999996,22.32000000000001,0.028346035566252422,0.897045059499933,0.07460890493381471,Kriminalität in Bahnhöfen und Zügen,Peggy Schierenbeck
