main_speaker_faction,total_duration,duration_positive,duration_neutral,duration_negative,percentage_positive,percentage_neutral,percentage_negative,category
AfD,4163.3,204.83999999999997,3520.64,437.8200000000001,0.049201354694593226,0.8456368745946724,0.10516177071073429,Budget
fraktionslos,222.84,10.879999999999983,205.44,6.520000000000017,0.04882426853347686,0.9219170705438879,0.02925866092263515,Budget
