main_speaker_faction,total_duration,duration_positive,duration_neutral,duration_negative,percentage_positive,percentage_neutral,percentage_negative,category
AfD,3729.2200000000003,96.74000000000004,3276.02,356.46,0.02594108151302418,0.8784732464161406,0.09558567207083518,Covid
fraktionslos,270.79999999999995,0.6000000000000227,253.27999999999997,16.919999999999995,0.002215657311669213,0.9353028064992615,0.06248153618906942,Covid
