main_speaker_faction,total_duration,duration_positive,duration_neutral,duration_negative,percentage_positive,percentage_neutral,percentage_negative,category
AfD,1913.32,40.12000000000002,1644.8999999999999,228.3000000000001,0.020968787238935475,0.859709823761838,0.11932138899922654,Ausländer
CDU/CSU,872.64,38.27999999999995,802.14,32.220000000000034,0.04386688668866881,0.9192106710671067,0.03692244224422446,Ausländer
FDP,274.46,23.339999999999968,230.76000000000002,20.360000000000014,0.08503971434817449,0.8407782554834949,0.0741820301683306,Ausländer
SPD,287.88,25.420000000000016,232.73999999999995,29.720000000000034,0.08830068083923863,0.8084618591079615,0.10323746005279989,Ausländer
fraktionslos,867.0400000000001,36.68000000000001,744.1,86.25999999999999,0.04230485329396568,0.8582072338069754,0.09948791289905885,Ausländer
unknown,188.58,1.7200000000000002,185.32000000000002,1.539999999999992,0.00912079753950578,0.9827129069890763,0.008166295471417923,Ausländer
