main_speaker_faction,total_duration,duration_positive,duration_neutral,duration_negative,percentage_positive,percentage_neutral,percentage_negative,category
AfD,277.24,0.0,258.53999999999996,18.700000000000024,0.0,0.9325494156687345,0.06745058433126541,Europäische Union
CDU/CSU,1711.36,67.00000000000001,1500.6,143.7600000000001,0.03915014958863128,0.8768464846671653,0.0840033657442035,Europäische Union
DIE GRÜNEN,1222.26,91.53999999999996,934.3000000000002,196.41999999999993,0.07489404872940288,0.7644036457054966,0.16070230556510065,Europäische Union
DIE LINKE,560.36,7.479999999999984,464.40000000000003,88.47999999999999,0.013348561638946363,0.8287529445356557,0.15789849382539795,Europäische Union
FDP,286.88,15.920000000000016,256.15999999999997,14.8,0.05549358616843285,0.8929168990518683,0.05158951477969883,Europäische Union
SPD,1585.76,77.84000000000003,1421.74,86.18,0.04908687317122391,0.8965669458177782,0.054346181010997884,Europäische Union
