main_speaker_party,total_duration,duration_positive,duration_neutral,duration_negative,percentage_positive,percentage_neutral,percentage_negative,category
AfD,288.98,15.180000000000007,225.76,48.04000000000002,0.052529586822617505,0.78123053498512,0.1662398781922625,Budget
CDU,3140.7799999999997,105.38000000000008,2816.48,218.9199999999999,0.03355217493743595,0.8967453944561543,0.06970243060640985,Budget
CSU,606.7,6.840000000000012,555.02,44.84000000000002,0.011274105818361647,0.9148178671501564,0.0739080270314818,Budget
FDP,824.72,13.819999999999947,731.6599999999999,79.24000000000004,0.016757202444465935,0.8871617033659907,0.09608109418954316,Budget
SPD,266.64,55.400000000000006,200.39999999999998,10.84,0.2077707770777078,0.7515751575157515,0.04065406540654066,Budget
unknown,0.0,0.0,0.0,0.0,,,,Budget
